Workbook

Sheet Model
A1: WashRoute - Delivery W&F: Price + Conversion + Demand Model
A2: Actual May 2026 Delivery volume. Blue = editable inputs. Three stacked effects: price/mix, new-signup conversion, overall demand.
A4: PRICING INPUTS | B4: May (actual) | C4: Scenario | E4: READ-OUT
A5: Base price per bag ($) | B5: 59 | C5: 55 | E5: Three stacked effects on May: 1) Price / mix - reprice all May orders to $55 / 20 lbs: ~+$7,900 (+5.5%). 2) Overall demand +5% - 5% more orders across the book (~79 orders) at ~$97 each: ~+$7,600. 3) Signup conversion 50%->60% on ~150 signups - ~15 extra first orders: ~+$1,500. Total ~ $161,800 vs May $144,800 = about +$17,000 (+11.7%). Volume (effects 2 + 3) now drives roughly half the gain. Each new/retained customer also compounds over their lifetime, which this single month does not capture. Edit any blue cell to flex.
A6: Included lbs per bag | B6: 25 | C6: 20
A7: Overage $ per lb | B7: 3 | C7: 3
A9: DEMAND INPUTS | B9: May | C9: Scenario
A10: New signups in May | B10: 150
A11: Signup conversion rate | B11: 0.5 | C11: 0.6
A12: First orders from signups | B12: =$B$10*B11 -> 75 | C12: =$B$10*C11 -> 90
A13: Incremental first orders (vs May) | C13: =C12-B12 -> 15
A14: Overall order increase (whole book) | B14: 0 | C14: 0.05
A16: VOLUME
A17: May delivered orders | B17: 1571
A18: Total bags (May) | B18: 2280
A19: Extra orders - overall lift | C19: =$B$17*C14 -> 78.55
A20: Scenario orders total | C20: =B17+C13+C19 -> 1664.55
A22: RESULTS (base + overage) | B22: May | C22: Scenario
A23: Overage lbs (from May weights) | B23: =VLOOKUP(B6,'Threshold Data'!$A$2:$B$15,2,FALSE()) -> 3427 | C23: =VLOOKUP(C6,'Threshold Data'!$A$2:$B$15,2,FALSE()) -> 9101
A24: Revenue on May orders (repriced) | B24: =B5*$B$18+B7*B23 -> 144801 | C24: =C5*$B$18+C7*C23 -> 152703
A25: Avg revenue per order (scenario) | C25: =C24/$B$17 -> 97.201146
A26: + Overall demand (+5%) | C26: =C24*C14 -> 7635.15
A27: + Signup conversion (extra orders) | C27: =C13*C25 -> 1458.0172
A28: Scenario total revenue | B28: =B24 -> 144801 | C28: =C24+C26+C27 -> 161796.17
A30: UPLIFT vs May actual
A31: 1. Price / mix (whole book) | C31: =C24-B24 -> 7902
A32: 2. Overall demand (+5%) | C32: =C26 -> 7635.15
A33: 3. Signup conversion (50%->60%) | C33: =C27 -> 1458.0172
A34: Total uplift ($) | C34: =C28-B28 -> 16995.167
A35: Total uplift (%) | C35: =(C28-B28)/B28 -> 0.11736913

Sheet Threshold Data
A1: Included lbs/bag | B1: Total overage lbs (May)
A2: 15 | B2: 17960
A3: 16 | B3: 15995
A4: 17 | B4: 14126
A5: 18 | B5: 12339
A6: 19 | B6: 10652
A7: 20 | B7: 9101
A8: 21 | B8: 7690
A9: 22 | B9: 6417
A10: 23 | B10: 5275
A11: 24 | B11: 4289
A12: 25 | B12: 3427
A13: 26 | B13: 2728
... A15: 28 | B15: 1699
A17: Source: Supabase, May 2026 Delivery Wash & Fold, delivered orders w/ weight. 1,571 orders / 2,280 bags.

Sheet Sensitivity
A1: Sensitivity - price grid (overage $3/lb, May volume, price only)
A3: Revenue $ - Base (down) x Included lbs (across) | B3: 18 | C3: 20 | D3: 22 | E3: 25
A4: 53 | B4: =$A4*Model!$B$18+Model!$B$7*VLOOKUP(B$3,'Threshold Data'!$A$2:$B$15,2,FALSE()) -> 157857 | C4: =$A4*Model!$B$18+Model!$B$7*VLOOKUP(C$3,'Threshold Data'!$A$2:$B$15,2,FALSE()) -> 148143 | D4: =$A4*Model!$B$18+Model!$B$7*VLOOKUP(D$3,'Threshold Data'!$A$2:$B$15,2,FALSE()) -> 140091 | E4: =$A4*Model!$B$18+Model!$B$7*VLOOKUP(E$3,'Threshold Data'!$A$2:$B$15,2,FALSE()) -> 131121
A5: 55 | B5: =$A5*Model!$B$18+Model!$B$7*VLOOKUP(B$3,'Threshold Data'!$A$2:$B$15,2,FALSE()) -> 162417 | D5: =$A5*Model!$B$18+Model!$B$7*VLOOKUP(D$3,'Threshold Data'!$A$2:$B$15,2,FALSE()) -> 144651 | E5: =$A5*Model!$B$18+Model!$B$7*VLOOKUP(E$3,'Threshold Data'!$A$2:$B$15,2,FALSE()) -> 135681
A6: 57 | B6: =$A6*Model!$B$18+Model!$B$7*VLOOKUP(B$3,'Threshold Data'!$A$2:$B$15,2,FALSE()) -> 166977 | C6: =$A6*Model!$B$18+Model!$B$7*VLOOKUP(C$3,'Threshold Data'!$A$2:$B$15,2,FALSE()) -> 157263 | D6: =$A6*Model!$B$18+Model!$B$7*VLOOKUP(D$3,'Threshold Data'!$A$2:$B$15,2,FALSE()) -> 149211 | E6: =$A6*Model!$B$18+Model!$B$7*VLOOKUP(E$3,'Threshold Data'!$A$2:$B$15,2,FALSE()) -> 140241
A7: 59 | B7: =$A7*Model!$B$18+Model!$B$7*VLOOKUP(B$3,'Threshold Data'!$A$2:$B$15,2,FALSE()) -> 171537 | C7: =$A7*Model!$B$18+Model!$B$7*VLOOKUP(C$3,'Threshold Data'!$A$2:$B$15,2,FALSE()) -> 161823 | D7: =$A7*Model!$B$18+Model!$B$7*VLOOKUP(D$3,'Threshold Data'!$A$2:$B$15,2,FALSE()) -> 153771 | E7: =$A7*Model!$B$18+Model!$B$7*VLOOKUP(E$3,'Threshold Data'!$A$2:$B$15,2,FALSE()) -> 144801
A9: vs May actual $144,801 | B9: 18 | C9: 20 | D9: 22 | E9: 25
A10: 53 | B10: =B4-Model!$B$24 -> 13056 | C10: =C4-Model!$B$24 -> 3342 | D10: =D4-Model!$B$24 -> -4710 | E10: =E4-Model!$B$24 -> -13680
A11: 55 | B11: =B5-Model!$B$24 -> 17616 | C11: =C5-Model!$B$24 -> -144801 | D11: =D5-Model!$B$24 -> -150 | E11: =E5-Model!$B$24 -> -9120
A12: 57 | B12: =B6-Model!$B$24 -> 22176 | C12: =C6-Model!$B$24 -> 12462 | D12: =D6-Model!$B$24 -> 4410 | E12: =E6-Model!$B$24 -> -4560
A13: 59 | B13: =B7-Model!$B$24 -> 26736 | C13: =C7-Model!$B$24 -> 17022 | D13: =D7-Model!$B$24 -> 8970 | E13: =E7-Model!$B$24 -> 0
A16: Conversion sensitivity (incl. price + 5% demand; conversion varies)
A17: Scenario conv | B17: Extra 1st orders | C17: Conversion $ | D17: Total uplift $ | E17: Total revenue
A18: 0.5 | B18: =Model!$B$10*(A18-Model!$B$11) -> 0 | C18: =B18*Model!$C$25 -> 0 | D18: =Model!$C$31+Model!$C$26+C18 -> 15537.15 | E18: =Model!$B$24+D18 -> 160338.15
A19: 0.55 | B19: =Model!$B$10*(A19-Model!$B$11) -> 7.5 | C19: =B19*Model!$C$25 -> 729.00859 | D19: =Model!$C$31+Model!$C$26+C19 -> 16266.159 | E19: =Model!$B$24+D19 -> 161067.16
A20: 0.6 | B20: =Model!$B$10*(A20-Model!$B$11) -> 15 | C20: =B20*Model!$C$25 -> 1458.0172 | D20: =Model!$C$31+Model!$C$26+C20 -> 16995.167 | E20: =Model!$B$24+D20 -> 161796.17
A21: 0.65 | B21: =Model!$B$10*(A21-Model!$B$11) -> 22.5 | C21: =B21*Model!$C$25 -> 2187.0258 | D21: =Model!$C$31+Model!$C$26+C21 -> 17724.176 | E21: =Model!$B$24+D21 -> 162525.18
A22: 0.7 | B22: =Model!$B$10*(A22-Model!$B$11) -> 30 | C22: =B22*Model!$C$25 -> 2916.0344 | D22: =Model!$C$31+Model!$C$26+C22 -> 18453.184 | E22: =Model!$B$24+D22 -> 163254.18
A24: Total revenue includes the price effect (~$7,900) and the 5% demand effect (~$7,600) in every row; only the signup-conversion piece varies.

Sheet By Weight Band
A1: Impact by load size - May $59/25 -> $55/20 (price only)
A3: Lbs per bag | B3: Orders | C3: May revenue | D3: Scenario revenue | E3: Change ($) | F3: Pay more | G3: Pay less
A4: Under 15 | B4: 171 | C4: 15517 | D4: 14465 | E4: =D4-C4 -> -1052 | F4: 0 | G4: 171
A5: 15 - 20 | B5: 331 | C5: 29795 | D5: 27775 | E5: =D5-C5 -> -2020 | F5: 0 | G5: 331
A6: 20 - 25 | B6: 448 | C6: 40179 | D6: 42012 | E6: =D6-C6 -> 1833 | F6: 294 | G6: 154
A7: 25 - 30 | B7: 377 | C7: 33544 | D7: 39308 | E7: =D7-C7 -> 5764 | F7: 377 | G7: 0
A8: 30+ | B8: 244 | C8: 25766 | D8: 29143 | E8: =D8-C8 -> 3377 | F8: 244 | G8: 0
A9: Total | B9: =SUM(B4:B8) -> 1571 | C9: =SUM(C4:C8) -> 144801 | D9: =SUM(D4:D8) -> 152703 | E9: =SUM(E4:E8) -> 7902 | F9: =SUM(F4:F8) -> 915 | G9: =SUM(G4:G8) -> 656
